query_id,query,rag_answer,no_rag_answer,rag_groundedness,no_rag_groundedness,rag_faithfulness,no_rag_faithfulness,groundedness_delta
56ddde6b9a695914005b9628,In what country is Normandy located?,"Normandy is a region located in France [1], [2]. The Duchy of Normandy was established within the former Frankish kingdom and corresponds to northern parts of present-day Upper Normandy down to the river Seine, extending west beyond it [1], [5].","Normandy is located in **France**. It is a region on the northwestern coast of the country, known for its beaches (including D-Day landing sites), castles, and historical significance during World War II.",5.0,4.0,5.0,5.0,1.0
56ddde6b9a695914005b9629,When were the Normans in Normandy?,"The Normans gave their name to Normandy during the 10th and 11th centuries [1]. The Duchy of Normandy was established as a fiefdom beginning in 911 through the treaty of Saint-Clair-sur-Epte between King Charles III of West Francia and Viking ruler Rollo, situated within the former Frankish kingdom of Neustria [4]. This region corresponded to the northern part of present-day Upper Normandy down to the river Seine, though it eventually extended west beyond the Seine [6].","The **Norman conquest of England** occurred on **December 25, 1066**, when William I (William the Conqueror) landed at Pevensey and was subsequently crowned King of England. This event marked a pivotal moment in English history, as it introduced Norman French culture to the region.

However, if you are asking about the broader period during which **Normans ruled over Normandy** itself:
*   The Duchy of Normandy was established around **911 AD**, following the Treaty of Saint-Clair-sur-Epte between King Charles III and Rollo (the leader of a Viking raiding party). This treaty granted them land in exchange for their loyalty.
*   Norman rule over this region continued until it was conquered by England under Henry II's father, **Henry I**'s son-in-law? No, let me correct that: The Duchy remained an independent entity within the Kingdom of France from its founding in 911 AD until it was annexed into the French crown following the Hundred Years' War and the death of Charles IV (the last Valois king) in **1328**, when Henry V of England claimed the throne but failed to take possession, leading to the end of direct Norman ducal rule.

**Summary:**
*   **Normandy itself**: Ruled by Normans from roughly **911 AD**.
*   **English conquest (The ""Norman"" era in Britain)**: Began on **December 25, 106",5.0,3.0,5.0,4.0,2.0
56ddde6b9a695914005b962a,From which countries did the Norse originate?,"The Norse originated from Denmark, Iceland, and Norway [1].","The Norse originated primarily from **Scandinavia**, specifically modern-day:
*   **Norway** (Old Norse region)
*   **Sweden**
*   **Denmark**

Historically, these peoples referred to themselves as *Norsemen*, and their language is known as Old Norse. While they were originally indigenous to this specific part of Northern Europe, the term ""Vikings"" later became associated with their expansion across other regions (such as England, France, Iceland, Greenland, and North America) during the Viking Age (c. 793–1066 CE).",5.0,4.0,5.0,5.0,1.0
56ddde6b9a695914005b962b,Who was the Norse leader?,The Norse leader who agreed to swear fealty to King Charles III of West Francia and established the Duchy of Normandy in 911 through the Treaty of Saint-Clair-sur-Epte was Rollo [1][2].,"There is no single ""Norse leader"" because there were many kings, jarls (lords), chieftains, and war leaders across different Viking Age regions over several centuries (roughly 793–1066 CE). However, the most famous individual often referred to as a Norse king or ruler in popular culture is **Harald Fairhair** (*Haraldr Harðráði*).

He was traditionally credited by medieval sources like *The Heimskringla* with uniting Norway around 872 CE. While modern historians debate his historical accuracy, he remains the primary figure associated with establishing a unified Norwegian kingdom during that era. Other notable leaders include **Ragnar Lothbrok** (a legendary Viking raid leader), **Olaf Tryggvason**, and later kings like **Harald Hardrada**.",5.0,2.0,5.0,4.0,3.0
